model,approach,split,config,accuracy,precision_macro,recall_macro,f1_macro
SVM (HOG+LBP),traditional,train,,0.7831293933871387,0.7907619949364091,0.7730771272590333,0.7728398337029323
SVM (HOG+LBP),traditional,val,,0.4106925880923451,0.3809243672779598,0.3988958636160129,0.37842921781825933
SVM (HOG+LBP),traditional,test,,0.40048543689320387,0.3821278421686163,0.3880852726451241,0.37061927799028793
Random Forest (HOG+LBP),traditional,train,,1.0,1.0,1.0,1.0
Random Forest (HOG+LBP),traditional,val,,0.37910085054678005,0.3712812684402829,0.3666459371298923,0.3322875571668871
Random Forest (HOG+LBP),traditional,test,,0.3640776699029126,0.34809042410825114,0.3505067552403729,0.3184188517995657
CNN from scratch,deep learning,train,adam lr=0.001 bs=64 aug=True epochs=40 175s,0.7094506638896121,0.7047344735587838,0.7005625202790221,0.694473576316221
CNN from scratch,deep learning,val,adam lr=0.001 bs=64 aug=True epochs=40 175s,0.5735115431348724,0.5678670560219948,0.562996226819496,0.5554062739224642
CNN from scratch,deep learning,test,adam lr=0.001 bs=64 aug=True epochs=40 175s,0.5946601941747572,0.5834545624545429,0.5815929804885951,0.5741653931746306
"MobileNetV2 frozen (adam, lr=0.001, bs=64)",deep learning,train,adam lr=0.001 bs=64 aug=True epochs=30 197s,0.9377766206717001,0.9351764034642219,0.9350547252897178,0.9343596487195044
"MobileNetV2 frozen (adam, lr=0.001, bs=64)",deep learning,val,adam lr=0.001 bs=64 aug=True epochs=30 197s,0.8882138517618469,0.8851163661721627,0.8824139722774341,0.881991088123116
"MobileNetV2 frozen (adam, lr=0.001, bs=64)",deep learning,test,adam lr=0.001 bs=64 aug=True epochs=30 197s,0.8604368932038835,0.8549000830282311,0.8529564946057206,0.8519832314538567
"MobileNetV2 frozen (adam, lr=0.0001, bs=64)",deep learning,train,adam lr=0.0001 bs=64 aug=True epochs=30 196s,0.8781567300182245,0.8712861632169028,0.8716401758903981,0.8696837608541274
"MobileNetV2 frozen (adam, lr=0.0001, bs=64)",deep learning,val,adam lr=0.0001 bs=64 aug=True epochs=30 196s,0.8602673147023087,0.8563601618237637,0.8541428983171969,0.8527158606853223
"MobileNetV2 frozen (adam, lr=0.0001, bs=64)",deep learning,test,adam lr=0.0001 bs=64 aug=True epochs=30 196s,0.845873786407767,0.8370992037166043,0.8373825009470495,0.8344165948127301
"MobileNetV2 frozen (sgd, lr=0.01, bs=64)",deep learning,train,sgd lr=0.01 bs=64 aug=True epochs=29 187s,0.941421504816454,0.9398851110611658,0.9386300449949595,0.938633401238191
"MobileNetV2 frozen (sgd, lr=0.01, bs=64)",deep learning,val,sgd lr=0.01 bs=64 aug=True epochs=29 187s,0.8845686512758202,0.87991996816343,0.878027398936185,0.8783553010520757
"MobileNetV2 frozen (sgd, lr=0.01, bs=64)",deep learning,test,sgd lr=0.01 bs=64 aug=True epochs=29 187s,0.8713592233009708,0.8643203183945952,0.8641637426206564,0.8628829384104041
"MobileNetV2 frozen (adam, lr=0.001, bs=32)",deep learning,train,adam lr=0.001 bs=32 aug=True epochs=30 288s,0.9453267378286905,0.9425813325460051,0.9430669710485334,0.9424778675715885
"MobileNetV2 frozen (adam, lr=0.001, bs=32)",deep learning,val,adam lr=0.001 bs=32 aug=True epochs=30 288s,0.8857837181044957,0.8818758788753566,0.8794748366326465,0.879699218960491
"MobileNetV2 frozen (adam, lr=0.001, bs=32)",deep learning,test,adam lr=0.001 bs=32 aug=True epochs=30 288s,0.8640776699029126,0.8565859967922892,0.8575622382334559,0.8544131145845023
MobileNetV2 fine-tuned,deep learning,train,adam lr=0.0001 bs=64 aug=True epochs=16 102s,0.99140848737308,0.9911755676987162,0.990852749684576,0.9909773397493206
MobileNetV2 fine-tuned,deep learning,val,adam lr=0.0001 bs=64 aug=True epochs=16 102s,0.913730255164034,0.9093910275145475,0.907745744722157,0.9077908814643982
MobileNetV2 fine-tuned,deep learning,test,adam lr=0.0001 bs=64 aug=True epochs=16 102s,0.8895631067961165,0.8825010676226067,0.8840132701089796,0.8815674177574323
